---Speaker

CREATE TABLE Speaker (id_speaker INTEGER PRIMARY KEY,pathImage TEXT,firstName TEXT,lastName TEXT,jobTitle TEXT,countyName TEXT,twitterUSer TEXT,linkedinPath TEXT, isExpert INTEGER, about TEXT);

INSERT INTO Speaker (id_speaker, pathImage, firstName,lastName,jobTitle,countyName,twitterUSer,linkedinPath, isExpert, about) 
VALUES (1, 'assets/img/speakers/PabloP.jpg', 'Pablo', 'Perez De Angeliz', 'CTO ando CoFounder tuQuejaSuma.com', 'Buenos Aires, Argentina', null, 'https://www.linkedin.com/in/pablopda/', 0,'CTO Co-founder tuQuejaSuma.com. Organizador TensorFlow BsAs PyData Cordoba y Data Science Córdoba.');

INSERT INTO Speaker (id_speaker, pathImage, firstName,lastName,jobTitle,countyName,twitterUSer,linkedinPath, isExpert, about) 
VALUES (2, 'assets/img/speakers/LuisA.png', 'Luis', 'Aviles', 'Google Developer Expert en Web y Angular', 'Cochabamba, Bolivia', '@luixaviles', 'https://www.linkedin.com/in/luixaviles/', 1,'Luis es Google Developer Expert en Tecnologías Web y Angular. Tiene más de 8 años de experiencia desarrollando software y actualmente se desempeña como ingeniero de software en HeroDevs. Ha participado en diferentes eventos y conferencias internacionales de tecnología, dando charlas técnicas, talleres y diversas sesiones de capacitación. Es organizador de la comunidad Angular Bolivia y la conferencia NG Bolivia.');

INSERT INTO Speaker (id_speaker, pathImage, firstName,lastName,jobTitle,countyName,twitterUSer,linkedinPath, isExpert, about)
VALUES (3, 'assets/img/speakers/ArgelB.jpeg', 'Argel', 'Bejarano', 'Lider de la comunidad de Flutter y Dart', 'Hermosillo, Mexico', '@ArkangelB', 'https://www.linkedin.com/in/argelbejarano/', 0,'Software Developer con 10 años de experiencia, trabajo con Flutter creando el app de Friend Theory, actualmente soy el líder de la comunidad de Flutter y Dart en Español en donde entre todos hemos realizado trabajos importantes para la comunidad como la traducción de toda la documentación de Flutter a nuestro idioma, también tuve la oportunidad de ser escritor para la comunidad hermana en Inglés y de ser speaker en varios eventos, como, DevFest locales y nacionales, reuniones de programadores en Colombia donde grabe el curso de básicos de Dart para ellos y tuve la oportunidad de ser invitado a dar una charla al Google Partners Day en México y un evento exclusivo de Flutter en las oficinas de Google México en compañía de Martin Aguinis líder de Marketing para el equipo de Flutter.');

INSERT INTO Speaker (id_speaker, pathImage, firstName,lastName,jobTitle,countyName,twitterUSer,linkedinPath, isExpert, about) 
VALUES (4, 'assets/img/speakers/VictorA.jpeg', 'Victor', 'Aguilar', 'Desarrollador y emprendedor', 'Mexico, Bolivia', null, 'https://www.linkedin.com/in/vicobits/', 0,'Desarrollador y emprendedor, desarrolle proyecto para diferentes instituciones públicas y privadas, trabajé en compañías multinacionales y actualmente estoy trabajando en Grow Mobility, que es una de las empresas de movilidad más grande de toda Latam');

INSERT INTO Speaker (id_speaker, pathImage, firstName,lastName,jobTitle,countyName,twitterUSer,linkedinPath, isExpert, about) 
VALUES (5, 'assets/img/speakers/NoeB.jpg', 'Noe', 'Branagan', 'CTO @point FinTech en modo stealth ', 'Santo Domingo, Republica Dominicana', '@noeBranagan', 'https://bo.linkedin.com/in/noebranagan', 0,'Liderando los esfuerzos de desarrollo de software desde 2009; Desarrollador de software de profesión, apasionado del desarrollo móvil; Amplia experiencia en liderar y ayudar a equipos se hizo efectiva; le gusta colaborar con cualquier tipo de actividad relacionada que ayude a los desarrolladores a crecer o que las personas se dediquen al desarrollo de software; le gusta servir como mentor / entrenador; actualmente CTO @point FinTech en modo stealth, si tiene algo en mente envíeme un mensaje @noeBranagan.');

INSERT INTO Speaker (id_speaker, pathImage, firstName,lastName,jobTitle,countyName,twitterUSer,linkedinPath, isExpert, about)
VALUES (7, 'assets/img/speakers/AdrianaM.jpeg', 'Adriana', 'Moya', 'Google Developer Expert in Google Cloud Platform.', 'Bogota, Colombia', '@adriifermo', 'https://www.linkedin.com/in/adrifermo/', 1,' Ingeniera de Sistemas, Especialista en Ingenieria de Software, Desarrolladora Python, Google Developer Expert en Google Cloud Platform, Embajadora Women Techmakers, Coorganizadora de GDG Bogotá y GDG Cloud Bogotá.');

INSERT INTO Speaker (id_speaker, pathImage, firstName,lastName,jobTitle,countyName,twitterUSer,linkedinPath, isExpert, about)
VALUES (8, 'assets/img/speakers/LeonidasE.jpg', 'Leonidas', 'Esteban', 'Google Developer Expert in Web Technologies', 'CDMX, Mexico', '@LeonidasEsteban', 'https://www.linkedin.com/in/leonidasesteban/', 1,'Engineer manager en Grin (https://ongrin.com), Google Developer Expert en Web Tecnologies, mejor profesor de Platzi y Youtuber de programación en https://youtube.com/LeonidasEsteban');

INSERT INTO Speaker (id_speaker, pathImage, firstName,lastName,jobTitle,countyName,twitterUSer,linkedinPath, isExpert, about)
VALUES (9, 'assets/img/speakers/DiegoV.jpg', 'Diego', 'Velasquez', 'Google Developer Expert en Dart y Flutter', 'Lima, Peru', null, 'https://www.linkedin.com/in/diegoveloper/', 1,'Diego Velasquez es un ingeniero de Sotware con más de 10 años de experiencia, enfocado en el desarrollo de apps moviles Android/iOS/Flutter. Es Google Developer Expert en Dart y Flutter. Creador de 2 apps en el playstore con más de 100 mil descargas cada una: Pseudocode y QuickPrinter');

INSERT INTO Speaker (id_speaker, pathImage, firstName,lastName,jobTitle,countyName,twitterUSer,linkedinPath, isExpert, about)
VALUES (10, 'assets/img/speakers/YuryC.png', 'Yury', 'Camacho', 'Google Developer Expert in Android', 'Argentina, Bolivia', '@camachoyury', 'https://www.linkedin.com/in/abdul-kevin-riveros-alvarez-5b42074a/', 1,'Yury Camacho es Google Developer Expert en Android, es Ingeniero de Sistemas, tiene mas de 8 años de experiencia en el desarrollo de aplicaciones móviles, empezó en el mundo móvil desde la era de Symbian++, pasando por dispositivos con soporte a j2ME, y también IOS y los ultimos años se dedico por completo a Android, trabajo en empresas como Globant, OLX Group y  Actualmente trabaja en Hipcam una empresa dedicada al area de Smart Home como Android Software Engineer y también es Organizador del GDG Cochabamba.');

INSERT INTO Speaker (id_speaker, pathImage, firstName,lastName,jobTitle,countyName,twitterUSer,linkedinPath, isExpert, about)
VALUES (11, 'assets/img/speakers/FernandaO.png', 'Fernanda', 'Ochoa', 'GitHub Campus Expert', 'León, Mexico', null, 'https://www.linkedin.com/in/fernandaochoa8/', 0,'GitHub Campus Expert, CodigoFacilito Developer Advocate e Instructora. Hack DHI Founder y Cap de Team Bravers Ingeniero en Tics, Estudiante de Ingenieria en Sistemas Computacionales');

INSERT INTO Speaker (id_speaker, pathImage, firstName,lastName,jobTitle,countyName,twitterUSer,linkedinPath, isExpert, about)
VALUES (12, 'assets/img/speakers/jalasoft.png', 'JalaSoft', '', 'Empresa de informática', 'Cochabamba, Bolivia', null, 'http://www.jalasoft.com/', 0,'Jalasoft is a world-class technology company that provides the best in software engineering solutions.');

INSERT INTO Speaker (id_speaker, pathImage, firstName,lastName,jobTitle,countyName,twitterUSer,linkedinPath, isExpert, about)
VALUES (13, 'assets/img/speakers/comtec.png', 'Comtec', '', 'Empresa de telecomunicaciones', 'La Paz, Bolivia', null, 'https://www.comtec-bo.com/', 0,'COMTEC s.r.l. tiene una presencia global dentro de Bolivia, trabajando con firmas de 11 diferentes países y de 4 continentes. Empresas representadas por nosotros tienen acceso a nuestro conocimiento del mercado, experiencia, red de contactos y buenas prácticas como una plataforma para tener éxito en Bolivia. Clientes nuestros incluyen ENTEL, TIGO, Nuevatel VIVA, las Fuerzas Armadas, el Banco Central, varios Ministerios y empresas e instituciones líderes en el sector público y el sector privado.');

INSERT INTO Speaker (id_speaker, pathImage, firstName,lastName,jobTitle,countyName,twitterUSer,linkedinPath, isExpert, about)
VALUES (14, 'assets/img/speakers/KenjiK.jpg', 'Kenji', 'Kawaida', 'Organizer del GDG Santa Cruz', 'Santa Cruz, Bolivia', '@kenjikawaida', 'https://www.linkedin.com/in/kenji-kawaida-47459970/', 0,'Kenji Kawaida es Ingeniero Informático, apasionado con las tecnologías y desarrollo de aplicaciones móvoles, con más de 8 años de experiencia desarrollando en Android. Organizer del GDG Santa Cruz');

---Categories
CREATE TABLE Category (id_category INTEGER PRIMARY KEY, nameTechnology TEXT, color TEXT);

INSERT INTO Category (id_category, nameTechnology, color) VALUES (1, 'Android', '0xFF64dd17');
INSERT INTO Category (id_category, nameTechnology, color) VALUES (2, 'Angular', '0xFFe53935');
INSERT INTO Category (id_category, nameTechnology, color) VALUES (3, 'Assistant', '0xFFffd600');
INSERT INTO Category (id_category, nameTechnology, color) VALUES (4, 'Cloud', '0xFF304ffe');
INSERT INTO Category (id_category, nameTechnology, color) VALUES (5, 'Design', '0xFF6200ea');
INSERT INTO Category (id_category, nameTechnology, color) VALUES (6, 'Firebase', '0xFFffab00');
INSERT INTO Category (id_category, nameTechnology, color) VALUES (7, 'Flutter', '0xFF2979ff');
INSERT INTO Category (id_category, nameTechnology, color) VALUES (8, 'Keynote', '0xFFff4081');
INSERT INTO Category (id_category, nameTechnology, color) VALUES (9, 'Maps', '0xFF00e676');
INSERT INTO Category (id_category, nameTechnology, color) VALUES (10, 'ML/AI', '0xFFff3d00');
INSERT INTO Category (id_category, nameTechnology, color) VALUES (11, 'Kotlin', '0xFF651fff');
INSERT INTO Category (id_category, nameTechnology, color) VALUES (12, 'SEO', '0xFFffab00');
INSERT INTO Category (id_category, nameTechnology, color) VALUES (13, 'Bienvenida', '0xFF304ffe');
INSERT INTO Category (id_category, nameTechnology, color) VALUES (14, 'IoT', '0xFF6200ea');
INSERT INTO Category (id_category, nameTechnology, color) VALUES (15, 'Security', '0xFF2979ff');
INSERT INTO Category (id_category, nameTechnology, color) VALUES (16, 'Web', '0xFFffab00');
INSERT INTO Category (id_category, nameTechnology, color) VALUES (17, 'LaboralOpportunities', '0xFF00e676');
INSERT INTO Category (id_category, nameTechnology, color) VALUES (18, 'Networking', '0xFF651fff');
INSERT INTO Category (id_category, nameTechnology, color) VALUES (19, 'Lunch', '0xFFe53935');
INSERT INTO Category (id_category, nameTechnology, color) VALUES (20, 'Backend', '0xFF3c873a');

---Sessions

CREATE TABLE Session (
    id_session INTEGER PRIMARY KEY, 
    title TEXT,
    description TEXT, 
    date TEXT,
    time TEXT, 
    type TEXT,
    extraInfo INTEGER,
    extraPathImage TEXT,
    extraTitle TEXT,
    hasDetails INTEGER
);

INSERT INTO Session (id_session,title,description,date,time,type, hasDetails) VALUES (0, 'Dagger II for Android - The true memory guard', 'Analizaremos la libreria de Dagger II para hacer uso de las inyecciones de dependencias en nuestras aplicaciones y veremos los beneficios de utilizar MVP en Android', '08/11/2019', '14:30 - VIERNES', 'C', 1);
INSERT INTO Session (id_session,title,description,date,time,type, hasDetails) VALUES (1, 'Chatbots con Watson', '', '08/11/2019', '14:30', 'C',1);
INSERT INTO Session (id_session,title,description,date,time,type, hasDetails) VALUES (2, 'Providing a 60 minutes App', '', '08/11/2019', '16:30 - VIERNES', 'C',1);
INSERT INTO Session (id_session,title,description,date,time,type, hasDetails) VALUES (3, 'Angular & Firebase', '', '08/11/2019', '16:30 - VIERNES', 'C',1);
INSERT INTO Session (id_session,title,description,date,time,type, extraInfo, extraPathImage, extraTitle, hasDetails) VALUES (4, 'Keynote', 'Dentro de la comunidad GDG La Paz y WTM La Paz, se viene impulsando la utilización de múltiples tecnologías y aplicaciones que ofrece #Google, Para ello contamos con subgrupos que se dedican a aprender, experimentar y desarrollar productos con dichas Tecnologías como ser: #MobileTechnologies (Android, Flutter) #Web (Angular, PWA) #MachineLearning&AI (Tensorflow) #ActionsOnGoogle #GoogleCloud #GoogleDesign&DesignSprint #Firebase.', '01/06/2019', '12:00', 'T', 1, 'assets/img/gdglapaz_square.png', 'Study Groups',0);
INSERT INTO Session (id_session,title,description,date,time,type, hasDetails) VALUES (5, 'AoG Adventures, more than hello world Agent', 'Hoy en día los agentes inteligentes y asistentes de voz son muy populares, les mostrare las distintas areas en las que trabajan mis chatbots desde procesamiento de imagenes hasta control de dispositivos fisicos', '09/11/2019', '9:00', 'T',1);
INSERT INTO Session (id_session,title,description,date,time,type, hasDetails) VALUES (6, 'Como hacer aplicaciones para un millon de usuarios (Backend Side)', '', '08/11/2019', '9:30', 'T',1);
INSERT INTO Session (id_session,title,description,date,time,type, hasDetails) VALUES (7, 'Lets Talk About Flutter State Management', 'En esta charla hablaré sobre algunas arquitecturas en Flutter, para luego mostrar una aplicación de ejemplo y cómo puede ser más complicado si no usamos un patrón apropiado. Finalmente, implementaré una arquitectura basada en el paquete Provider y, como si hiciera cambios mínimos en el código, podemos reducir la complejidad.','09/11/2019', '10:00', 'T',1);
INSERT INTO Session (id_session,title,description,date,time,type, hasDetails) VALUES (8, 'Choosing Your Stack', 'Un año de trabajo arduo eligiendo el futuro de nuestra compañía nos ha dejado el legado de un stack sólido, en esta charla te contaré como tomamos cada decisión para crear un Frontend donde todo buen ingeniero quisiera trabajar.', '09/11/2019', '10:30', 'T',1);
INSERT INTO Session (id_session,title,description,date,time,type, hasDetails) VALUES (9, "El poder de los APIs Web: Desarrollando una App guiada por voz", 'Google Home y Amazon Echo ¿Qué tienen en común? Estos dispositivos pueden ser usados para obtener respuestas a preguntas comunes como obtener la hora, el estado del clima o pedirles que ejecuten ciertas tareas. Tener una aplicación web guiada por voz no solo significa escuchar y obtener una respuesta vocal, sino que también puede usarse como una tecnología de asistencia. Con la ayuda de las Web APIs, podemos desarrollar aplicaciones modernas que no solo reconozcan lo que sus usuarios están diciendo, sino que también puedan responderles. Veremos una aplicación prototipo que utiliza Web APIs, patrones de diseño, TypeScript y Angular para aprender algunos conceptos básicos del reconocimiento y síntesis de voz.', '09/11/2019', '11:30', 'T',0);
INSERT INTO Session (id_session,title,description,date,time,type, hasDetails) VALUES (10, 'Como proteger tu "Yo digital"', '.', '09/11/2019', '11:30', 'T',0);
INSERT INTO Session (id_session,title,description,date,time,type, hasDetails) VALUES (11, "Jalasoft Dev Bootcamp: 1st Year", '', '09/11/2019', '11:30', 'T',0);
INSERT INTO Session (id_session,title,description,date,time,type, extraInfo, extraPathImage, extraTitle, hasDetails) VALUES (12, 'Feria Tecnologica', 'Dentro de la comunidad GDG La Paz y WTM La Paz, se viene impulsando la utilización de múltiples tecnologías y aplicaciones que ofrece #Google, Para ello contamos con subgrupos que se dedican a aprender, experimentar y desarrollar productos con dichas Tecnologías como ser: #MobileTechnologies (Android, Flutter) #Web (Angular, PWA) #MachineLearning&AI (Tensorflow) #ActionsOnGoogle #GoogleCloud #GoogleDesign&DesignSprint #Firebase.', '09/11/2019', '16:00', 'T', 1, 'assets/img/gdglapaz_square.png', 'Cierre del Evento',0);
INSERT INTO Session (id_session,title,description,date,time,type, hasDetails) VALUES (13, 'Google Cloud Platform', 'Realizaremos un proceso de despliegue completo de una aplicación, donde usaremos herramientas como Cloud Source Repositories, Cloud Run, Cloud Build y StackDriver.', '09/11/2019', '14:00', 'T',1);
INSERT INTO Session (id_session,title,description,date,time,type, hasDetails) VALUES (14, 'Developing Multiplatform with Kotlin : Why and How ', '', '09/11/2019', '14:30', 'T',1);
INSERT INTO Session (id_session,title,description,date,time,type, hasDetails) VALUES (15, "SEO: Del Marketing al Data Science", '', '09/11/2019', '15:00', 'T',1);
INSERT INTO Session (id_session,title,description,date,time,type, hasDetails) VALUES (16, 'Optimizando Flutter con Dart Spreads', '', '09/11/2019', '15:30', 'T',1);
INSERT INTO Session (id_session,title,description,date,time,type, extraInfo, extraPathImage, extraTitle, hasDetails) VALUES (17, 'Entrega de Premios', '', '09/11/2019', '16:00', 'T', 1, 'assets/img/gdglapaz_square.png', 'Cierre del Evento',0);

---Session - Speaker

CREATE TABLE Session_Speaker (
    id_ss INTEGER PRIMARY KEY AUTOINCREMENT, 
    id_session INTEGER, 
    id_speaker INTEGER,
    CONSTRAINT fk_Session
        FOREIGN KEY (id_session)
        REFERENCES Session(id_session),
    CONSTRAINT fk_Speaker
        FOREIGN KEY (id_speaker)
        REFERENCES Speaker(id_speaker)
);

INSERT INTO Session_Speaker (id_session, id_speaker) VALUES (0,14);
INSERT INTO Session_Speaker (id_session, id_speaker) VALUES (1,11);
INSERT INTO Session_Speaker (id_session, id_speaker) VALUES (2,3);
INSERT INTO Session_Speaker (id_session, id_speaker) VALUES (3,3);
-- INSERT INTO Session_Speaker (id_session, id_speaker) VALUES (4,11); KEYNOTE
INSERT INTO Session_Speaker (id_session, id_speaker) VALUES (5,11);
INSERT INTO Session_Speaker (id_session, id_speaker) VALUES (6,4);
INSERT INTO Session_Speaker (id_session, id_speaker) VALUES (7,9);
INSERT INTO Session_Speaker (id_session, id_speaker) VALUES (8,8);
INSERT INTO Session_Speaker (id_session, id_speaker) VALUES (9,2);
INSERT INTO Session_Speaker (id_session, id_speaker) VALUES (10,13);
INSERT INTO Session_Speaker (id_session, id_speaker) VALUES (11,12);
-- INSERT INTO Session_Speaker (id_session, id_speaker) VALUES (12,11); FERIA
INSERT INTO Session_Speaker (id_session, id_speaker) VALUES (13,7);
INSERT INTO Session_Speaker (id_session, id_speaker) VALUES (14,5);
INSERT INTO Session_Speaker (id_session, id_speaker) VALUES (15,1);
INSERT INTO Session_Speaker (id_session, id_speaker) VALUES (16,3);
-- INSERT INTO Session_Speaker (id_session, id_speaker) VALUES (17,11); ENTREGA DE PREMIOS

---Session - Categories

CREATE TABLE Session_Category (
    id_sc INTEGER PRIMARY KEY AUTOINCREMENT, 
    id_session INTEGER, 
    id_category INTEGER,
    CONSTRAINT fk_Session
        FOREIGN KEY (id_session)
        REFERENCES Session(id_session),
    CONSTRAINT fk_Category
        FOREIGN KEY (id_category)
        REFERENCES Category(id_category)
);

INSERT INTO Session_Category (id_session, id_category) VALUES (0, 1);
INSERT INTO Session_Category (id_session, id_category) VALUES (1, 3);
INSERT INTO Session_Category (id_session, id_category) VALUES (2, 7);
INSERT INTO Session_Category (id_session, id_category) VALUES (3, 2);
-- INSERT INTO Session_Category (id_session, id_category) VALUES (4, 16); KEYNOTE
INSERT INTO Session_Category (id_session, id_category) VALUES (5, 3);
INSERT INTO Session_Category (id_session, id_category) VALUES (6, 20);
INSERT INTO Session_Category (id_session, id_category) VALUES (7, 7);
INSERT INTO Session_Category (id_session, id_category) VALUES (8, 16);
INSERT INTO Session_Category (id_session, id_category) VALUES (9, 16);
INSERT INTO Session_Category (id_session, id_category) VALUES (10, 15);
INSERT INTO Session_Category (id_session, id_category) VALUES (11, 17);
-- INSERT INTO Session_Category (id_session, id_category) VALUES (12, 4);
INSERT INTO Session_Category (id_session, id_category) VALUES (13, 4);
INSERT INTO Session_Category (id_session, id_category) VALUES (14, 11);  
INSERT INTO Session_Category (id_session, id_category) VALUES (15, 12);
INSERT INTO Session_Category (id_session, id_category) VALUES (16, 7);
-- INSERT INTO Session_Category (id_session, id_category) VALUES (17, 19);


