---Speaker

CREATE TABLE Speaker (id_speaker INTEGER PRIMARY KEY,pathImage TEXT,firstName TEXT,lastName TEXT,jobTitle TEXT,countyName TEXT,twitterUSer TEXT,linkedinPath TEXT, isExpert INTEGER, about TEXT);

INSERT INTO Speaker (id_speaker, pathImage, firstName,lastName,jobTitle,countyName,twitterUSer,linkedinPath, isExpert, about) 
VALUES (1, 'assets/img/speakers/GunarO.jpg', 'Gunar', 'Ortiz', 'Desarrollador Movil y diseñador UX', 'La Paz, Bolivia', null, 'https://bo.linkedin.com/in/gunar-ortiz', 0,'Gunar es CTO en Parkin, Mobile developer, Node.js developer and UX designer, ganador de primer lugar en el HackBo 2018, participo como expositor en diferentes eventos de comunidades tecnológicas.');

INSERT INTO Speaker (id_speaker, pathImage, firstName,lastName,jobTitle,countyName,twitterUSer,linkedinPath, isExpert, about) 
VALUES (2, 'assets/img/speakers/LuisA.jpeg', 'Luis', 'Aviles', 'Google Developer Expert en Web y Angular', 'Cochabamba, Bolivia', '@luixaviles', 'https://www.linkedin.com/in/luixaviles/', 1,'Luis es Google Developer Expert en Tecnologías Web y Angular. Tiene más de 8 años de experiencia desarrollando software y actualmente se desempeña como ingeniero de software en HeroDevs. Ha participado en diferentes eventos y conferencias internacionales de tecnología, dando charlas técnicas, talleres y diversas sesiones de capacitación. Es organizador de la comunidad Angular Bolivia y la conferencia NG Bolivia.');

INSERT INTO Speaker (id_speaker, pathImage, firstName,lastName,jobTitle,countyName,twitterUSer,linkedinPath, isExpert, about)
VALUES (3, 'assets/img/speakers/NathalyA.jpeg', 'Nathaly', 'Alarcón', 'Data Scientist, Ingeniera de Sistemas', 'La Paz, Bolivia', '@nathalyalarcont', 'https://www.linkedin.com/in/nathalyalarcon/', 0,'Ingeniera de Sistemas de la EMI, cuenta con un master en Data Science en la Universidad de Granada en España. Ambassador local en las comunidades de Women in Data Science, WiMLDS y R-Ladies.');

INSERT INTO Speaker (id_speaker, pathImage, firstName,lastName,jobTitle,countyName,twitterUSer,linkedinPath, isExpert, about) 
VALUES (4, 'assets/img/speakers/EstebanS.png', 'Esteban', 'Saavedra', 'Presidente de la Fundación AtixLibre', 'Oruro, Bolivia', '@EstebanSaavedra', 'https://www.linkedin.com/in/essaavedra/', 0,'Es un ingeniero de sistemas, cuenta con PhD en TICs y Telecomunicaciones. Presidente de la fundacion AtixLibre, es docente de postgrado, consultor senior y asesor de Tecnologias de informacion');

INSERT INTO Speaker (id_speaker, pathImage, firstName,lastName,jobTitle,countyName,twitterUSer,linkedinPath, isExpert, about) 
VALUES (5, 'assets/img/speakers/LeandroG.jpg', 'Leandro', 'Guardia', 'Miembro de Cochabamba AI', 'Cochabamba, Bolivia', '@lean_guardia', 'https://bo.linkedin.com/in/leandro-guardia', 1,'Artesano de Software, partidario de agilidad y actividad en Inteligencia Artificial. Freelancer en desarrollo web, speaker, miembro de Cochabamba AI, Ingeniero de Sistemas(UCB Cochabamba)');

INSERT INTO Speaker (id_speaker, pathImage, firstName,lastName,jobTitle,countyName,twitterUSer,linkedinPath, isExpert, about)
VALUES (7, 'assets/img/speakers/EdwinS.jpg', 'Edwin', 'Salcedo', 'Data Scientist, Ingeniero de Software.', 'La Paz, Bolivia', '@EdwinTSalcedo', 'https://www.linkedin.com/in/edwinsalcedo/', 0,' Edwin Salcedo es un Data Scientist, Ingeniero de Software y Docente Investigador, Recientemente retorno al pais despues de estudiar en The University of Sheffield (Inglaterra).');

INSERT INTO Speaker (id_speaker, pathImage, firstName,lastName,jobTitle,countyName,twitterUSer,linkedinPath, isExpert, about)
VALUES (8, 'assets/img/speakers/LuisM.jpeg', 'Luis Miguel', 'Mantilla', 'Software Engineer at Nearshorecode', 'La Paz, Bolivia', '@luismmantillac', 'https://www.linkedin.com/in/luis-miguel-mantilla/', 0,'Software Engineer con mas de 3 años de experiencia, actualmente trabaja en Nearshorecode como Mobile Developer, Lead Organizer de la comunidad GDG La Paz, Speaker, Traveler y apasionado por Dart y Flutter.');

INSERT INTO Speaker (id_speaker, pathImage, firstName,lastName,jobTitle,countyName,twitterUSer,linkedinPath, isExpert, about)
VALUES (9, 'assets/img/speakers/AbdulK.jpg', 'Abdul Kevin', 'Riveros', 'CEO Design System', 'La Paz, Bolivia', '@Abdul_Kevin', 'https://www.linkedin.com/in/abdul-kevin-riveros-alvarez-5b42074a/', 0,'Ingeniero de sistemas, trabajo en el Gamlp, CEO desing system, consultor en IT, coach sobre productividad profesional aplicando tecnologías de información, apasionado por seguridad informática.');

INSERT INTO Speaker (id_speaker, pathImage, firstName,lastName,jobTitle,countyName,twitterUSer,linkedinPath, isExpert, about)
VALUES (10, 'assets/img/speakers/YuryC.png', 'Yury', 'Camacho', 'Google Developer Expert in Android', 'Argentina, Bolivia', '@camachoyury', 'https://www.linkedin.com/in/abdul-kevin-riveros-alvarez-5b42074a/', 1,'Yury Camacho es Google Developer Expert en Android, es Ingeniero de Sistemas, tiene mas de 8 años de experiencia en el desarrollo de aplicaciones móviles, empezó en el mundo móvil desde la era de Symbian++, pasando por dispositivos con soporte a j2ME, y también IOS y los ultimos años se dedico por completo a Android, trabajo en empresas como Globant, OLX Group y  Actualmente trabaja en Hipcam una empresa dedicada al area de Smart Home como Android Software Engineer y también es Organizador del GDG Cochabamba.');

INSERT INTO Speaker (id_speaker, pathImage, firstName,lastName,jobTitle,countyName,twitterUSer,linkedinPath, isExpert, about)
VALUES (11, 'assets/img/speakers/CarloR.png', 'Carlo Renzo', 'Huamán', 'Google Developer Expert in Assistant', 'Lima, Peru', '@Tohure_', 'https://www.linkedin.com/in/tohure/', 1,'Systems Engineer of University Señor de Sipan in Perú. I like to do my best to find new challenges of everyday life, seeking continuous improvement of my skills, studying and gaining knowledge for my growth.');

INSERT INTO Speaker (id_speaker, pathImage, firstName,lastName,jobTitle,countyName,twitterUSer,linkedinPath, isExpert, about)
VALUES (12, 'assets/img/speakers/jalasoft.png', 'JalaSoft', '', 'Empresa de informática', 'Cochabamba, Bolivia', null, 'http://www.jalasoft.com/', 0,'Jalasoft is a world-class technology company that provides the best in software engineering solutions.');

INSERT INTO Speaker (id_speaker, pathImage, firstName,lastName,jobTitle,countyName,twitterUSer,linkedinPath, isExpert, about)
VALUES (13, 'assets/img/speakers/comtec.png', 'Comtec', '', 'Empresa de telecomunicaciones', 'La Paz, Bolivia', null, 'https://www.comtec-bo.com/', 0,'COMTEC s.r.l. tiene una presencia global dentro de Bolivia, trabajando con firmas de 11 diferentes países y de 4 continentes. Empresas representadas por nosotros tienen acceso a nuestro conocimiento del mercado, experiencia, red de contactos y buenas prácticas como una plataforma para tener éxito en Bolivia. Clientes nuestros incluyen ENTEL, TIGO, Nuevatel VIVA, las Fuerzas Armadas, el Banco Central, varios Ministerios y empresas e instituciones líderes en el sector público y el sector privado.');

---Categories
CREATE TABLE Category (id_category INTEGER PRIMARY KEY, nameTechnology TEXT, color TEXT);

INSERT INTO Category (id_category, nameTechnology, color) VALUES (1, 'Android', '0xFF64dd17');
INSERT INTO Category (id_category, nameTechnology, color) VALUES (2, 'Angular', '0xFFe53935');
INSERT INTO Category (id_category, nameTechnology, color) VALUES (3, 'Assistant', '0xFFffd600');
INSERT INTO Category (id_category, nameTechnology, color) VALUES (4, 'Cloud', '0xFF304ffe');
INSERT INTO Category (id_category, nameTechnology, color) VALUES (5, 'Design', '0xFF6200ea');
INSERT INTO Category (id_category, nameTechnology, color) VALUES (6, 'Firebase', '0xFFffab00');
INSERT INTO Category (id_category, nameTechnology, color) VALUES (7, 'Flutter', '0xFF2979ff');
INSERT INTO Category (id_category, nameTechnology, color) VALUES (8, 'Keynote', '0xFFff4081');
INSERT INTO Category (id_category, nameTechnology, color) VALUES (9, 'Maps', '0xFF00e676');
INSERT INTO Category (id_category, nameTechnology, color) VALUES (10, 'ML/AI', '0xFFff3d00');
INSERT INTO Category (id_category, nameTechnology, color) VALUES (11, 'Kotlin', '0xFF651fff');
INSERT INTO Category (id_category, nameTechnology, color) VALUES (12, 'TensorFlow', '0xFFffab00');
INSERT INTO Category (id_category, nameTechnology, color) VALUES (13, 'Bienvenida', '0xFF304ffe');
INSERT INTO Category (id_category, nameTechnology, color) VALUES (14, 'IoT', '0xFF6200ea');
INSERT INTO Category (id_category, nameTechnology, color) VALUES (15, 'Security', '0xFF2979ff');
INSERT INTO Category (id_category, nameTechnology, color) VALUES (16, 'SA', '0xFFffab00');
INSERT INTO Category (id_category, nameTechnology, color) VALUES (17, 'LaboralOpportunities', '0xFF00e676');
INSERT INTO Category (id_category, nameTechnology, color) VALUES (18, 'Networking', '0xFF651fff');
INSERT INTO Category (id_category, nameTechnology, color) VALUES (19, 'Lunch', '0xFFe53935');
INSERT INTO Category (id_category, nameTechnology, color) VALUES (20, 'NodeJS', '0xFF3c873a');

---Sessions

CREATE TABLE Session (
    id_session INTEGER PRIMARY KEY, 
    title TEXT,
    description TEXT, 
    date TEXT,
    time TEXT, 
    type TEXT,
    extraInfo INTEGER,
    extraPathImage TEXT,
    extraTitle TEXT,
    hasDetails INTEGER
);

INSERT INTO Session (id_session,title,description,date,time,type, hasDetails) VALUES (0, 'Building Apps for Google Assistant, Actions on Google!', 'Crearemos una aplicaciòn para nuestro asistente, que podrà ser legible desde cualquier telèfono con google asistant, parlantes inteligentes (Google Home, Google Hub) con la ayuda de Firebase, Dialogflow y más!', '01/06/2019', '09:30 - Stage A', 'C', 1);
INSERT INTO Session (id_session,title,description,date,time,type, extraInfo, extraPathImage, extraTitle, hasDetails) VALUES (1, 'Bienvenida #IO19Extended', 'Queremos que vivas la experiencia del Google #IO19, con el objetivo de comunicar, compartir e incentivar el intercambio de conocimiento entre profesionales, entusiastas, desarrolladores, líderes de proyectos y organizaciones en general, interesados en utilizar tecnologías de Google en toda nuestra región', '01/06/2019', '08:30', 'T', 1, 'assets/img/gdglapaz_square.png', 'GDG Organizers', 0);
INSERT INTO Session (id_session,title,description,date,time,type, extraInfo, extraPathImage, extraTitle, hasDetails) VALUES (2, 'Keynote', 'Los eventos I/O Extended ayudan a los desarrolladores de todo el mundo a participar en la experiencia del I/O.', '01/06/2019', '09:00', 'T', 1, 'assets/img/speakers/summit_global.png', 'Luis Mantilla & Janeth Martinez', 1);
INSERT INTO Session (id_session,title,description,date,time,type, hasDetails) VALUES (3, 'Como Kotlin cambio la arquitectura de mi aplicacion Android', 'Google anunció que Kotlin pasará a ser el lenguaje principal para desarrollar en Android, lo que significa que las novedades que nos brinde llegarán primero a Kotlin. ¡Si estas comenzando un nuevo proyecto en Android debes desarrollarlo con Kotlin! Veamos qué ventajas y cómo cambia nuestra app frente a Java.', '01/06/2019', '9:30', 'T',1);
INSERT INTO Session (id_session,title,description,date,time,type, hasDetails) VALUES (4, 'Tensorflow Lite: AI para mobile y dispositivos IoT', 'TensorFlow es una biblioteca de código abierto para aprendizaje automático a través de un rango de tareas, y desarrollado por Google para satisfacer sus necesidades de sistemas capaces de construir y entrenar redes neuronales para detectar y descifrar patrones y correlaciones, análogos al aprendizaje y razonamiento usados por los humanos.', '01/06/2019', '9:30 - Stage B', 'C',1);
INSERT INTO Session (id_session,title,description,date,time,type, hasDetails) VALUES (5, 'TensorFlow bajo el microscopio', 'TensorFlow es una biblioteca de código abierto para aprendizaje automático a través de un rango de tareas, y desarrollado por Google para satisfacer sus necesidades de sistemas capaces de construir y entrenar redes neuronales para detectar y descifrar patrones y correlaciones, análogos al aprendizaje y razonamiento usados por los humanos.', '01/06/2019', '10:00', 'T',1);
INSERT INTO Session (id_session,title,description,date,time,type, hasDetails) VALUES (6, 'Full Stack Development with Angular, Live!', 'Develop your backend and frontend using TypeScript and reuse your knowledge of Angular in this task now is possible. Modern tools allow to add NestJS support to an Angular Application so that you can share the same programming language and design patterns, all within a single project.', '01/06/2019', '10:30', 'T',1);
INSERT INTO Session (id_session,title,description,date,time,type, hasDetails) VALUES (7, 'Mejores prácticas en la seguridad Informática y la seguridad de la Información', 'COMTEC s.r.l. tiene una presencia global dentro de Bolivia, trabajando con firmas de 11 diferentes países y de 4 continentes. Empresas representadas por nosotros tienen acceso a nuestro conocimiento del mercado, experiencia, red de contactos y buenas prácticas como una plataforma para tener éxito en Bolivia. Clientes nuestros incluyen ENTEL, TIGO, Nuevatel VIVA, las Fuerzas Armadas, el Banco Central, varios Ministerios y empresas e instituciones líderes en el sector público y el sector privado.', '01/06/2019', '11:00', 'T',1);
INSERT INTO Session (id_session,title,description,date,time,type, hasDetails) VALUES (8, 'Building scalable apps on Android', 'Pequeña descripcion o pantallazo de la charla.: en este codelab construiremos una app en android con Kotlin, RxJava, retrofit, usando el patron arquitectónico clean architecture.  *Nivel: Intermedio. *Conocimientos básicos: POO, Java o Kotlin *Requesitos, Android Studio, Android sdk','01/06/2019', '11:00 - Stage A', 'C',1);
INSERT INTO Session (id_session,title,description,date,time,type, hasDetails) VALUES (9, 'Google Cloud Platform', 'Google Cloud, es una plataforma que ha reunido todas las aplicaciones de desarrollo web que Google estaba ofreciendo por separado. Es utilizada para crear ciertos tipos de soluciones a través de la tecnología almacenada en la nube y permite por ejemplo destacar la rapidez y la escalabilidad de su infraestructura en las aplicaciones del buscador.', '01/06/2019', '11:00 - Stage B', 'C',1);
INSERT INTO Session (id_session,title,description,date,time,type, hasDetails) VALUES (10, "Jalasoft's Extended Experience", 'Founded in 2001, Jalasoft is a world-class technology company that provides the best in software engineering solutions by investing in people first. Our intense focus on education has allowed us to launch world-class products like our Xian solutions—and to become one of the most trusted and valued providers of software engineering resources worldwide. Based in Bolivia, we train and provide highly-skilled engineering teams to companies looking to outsource software development, quality assurance, and automation projects in a higher-quality, more affordable way.', '01/06/2019', '11:30', 'T',0);
INSERT INTO Session (id_session,title,description,date,time,type, extraInfo, extraPathImage, extraTitle, hasDetails) VALUES (11, 'Interview Stage', 'Dentro de la comunidad GDG La Paz y WTM La Paz, se viene impulsando la utilización de múltiples tecnologías y aplicaciones que ofrece #Google, Para ello contamos con subgrupos que se dedican a aprender, experimentar y desarrollar productos con dichas Tecnologías como ser: #MobileTechnologies (Android, Flutter) #Web (Angular, PWA) #MachineLearning&AI (Tensorflow) #ActionsOnGoogle #GoogleCloud #GoogleDesign&DesignSprint #Firebase.', '01/06/2019', '12:00', 'T', 1, 'assets/img/gdglapaz_square.png', 'Study Groups',0);
INSERT INTO Session (id_session,title,description,date,time,type, extraInfo, extraPathImage, extraTitle, hasDetails) VALUES (12, 'Lunch Time', '', '01/06/2019', '13:00', 'T', 1, 'assets/img/lunch.png', '5to y 6to Piso',0);
INSERT INTO Session (id_session,title,description,date,time,type, extraInfo, extraPathImage, extraTitle, hasDetails) VALUES (13, 'Networking Space', '', '01/06/2019', '13:30', 'T', 1, 'assets/img/gdglapaz_square.png', 'IO Extended Speakers',0);
INSERT INTO Session (id_session,title,description,date,time,type, hasDetails) VALUES (15, 'Natural Language Processing for Topic Detection', 'El aprendizaje automático o aprendizaje automatizado o aprendizaje de máquinas (del inglés, machine learning) es el subcampo de las ciencias de la computación y una rama de la inteligencia artificial, cuyo objetivo es desarrollar técnicas que permitan que las computadoras aprendan. Se dice que un agente aprende cuando su desempeño mejora con la experiencia, es decir, cuando la habilidad no estaba presente entre sus rasgos de nacimiento.1​ De forma más concreta, se trata de encontrar algoritmos y heurísticas para convertir muestras de datos en programas de computadora, sin tener que escribir los últimos explícitamente. Los modelos o programas resultantes deben ser capaces de generalizar comportamientos e inferencias para un conjunto más amplio (potencialmente infinito) de datos.', '01/06/2019', '14:00', 'T',1);
INSERT INTO Session (id_session,title,description,date,time,type, hasDetails) VALUES (16, 'Google Cloud Platform: Hacia una nueva forma de implementar plataformas empresariales', 'En esta charla hablaremos de cómo GCP (Google Cloud Plataform) nos provee los productos, servicios y herramientas para poder diseñar, crear, probar, desplegar y monitorear aplicaciones y/servicios. Con la ayuda de GCP, veremos cómo las empresas podrán crear fácilmente entornos con capacidad de computo, almacenamiento, networking y mucho más', '01/06/2019', '14:30', 'T',1);
INSERT INTO Session (id_session,title,description,date,time,type, hasDetails) VALUES (17, "What's new in Android and Flutter", 'En esta charla se vera todo lo nuevo que se anuncian en el Google IO respecto a android, con algunos demos.', '01/06/2019', '15:00', 'T',1);
INSERT INTO Session (id_session,title,description,date,time,type, hasDetails) VALUES (18, 'Hey Google: Conociendo al Asistente Virtual de Google y Novedades del Google I/O19', 'Conoceremos al Asistente virtual de Google: Google Assistant, tambièn como podremos crear aplicaciones para este con herramientas como Dialogflow, Firebase. Tambièn daremos alcance de las ultimas novedades del Google I/O 19 para Google Assistant.', '01/06/2019', '15:30', 'T',1);
INSERT INTO Session (id_session,title,description,date,time,type, hasDetails) VALUES (19, 'Getting Started with Full Stack Development with Angular', 'Become a Full Stack Angular developer with an Angular background. Learn to reuse your knowledge of Angular to build APIs, sharing the same programming language and design patterns to increase your productivity through modern tools like NestJS. Requirements: Node.js, Git, Angular CLI(v7+), Visual Studio Code.', '01/06/2019', '14:00 - Stage A', 'C',1);
INSERT INTO Session (id_session,title,description,date,time,type, extraInfo, extraPathImage, extraTitle, hasDetails) VALUES (20, 'Entrega de Premios', '', '01/06/2019', '16:00', 'T', 1, 'assets/img/gdglapaz_square.png', 'Cierre del Evento',0);
INSERT INTO Session (id_session,title,description,date,time,type, hasDetails) VALUES (21, 'Developing amazing apps with Flutter', 'Flutter es el kit de herramientas de UI de Google para crear hermosas aplicaciones nativas para dispositivos móviles, web y de escritorio desde una sola base de código. En este codelab desarrollaremos una aplicación completa en tiempo record y con una UI asombrosa.', '01/06/2019', '14:00 - Stage B', 'C',1);

---Session - Speaker

CREATE TABLE Session_Speaker (
    id_ss INTEGER PRIMARY KEY AUTOINCREMENT, 
    id_session INTEGER, 
    id_speaker INTEGER,
    CONSTRAINT fk_Session
        FOREIGN KEY (id_session)
        REFERENCES Session(id_session),
    CONSTRAINT fk_Speaker
        FOREIGN KEY (id_speaker)
        REFERENCES Speaker(id_speaker)
);

INSERT INTO Session_Speaker (id_session, id_speaker) VALUES (3,1);
INSERT INTO Session_Speaker (id_session, id_speaker) VALUES (4,7);
INSERT INTO Session_Speaker (id_session, id_speaker) VALUES (6,2);
INSERT INTO Session_Speaker (id_session, id_speaker) VALUES (7,13);
INSERT INTO Session_Speaker (id_session, id_speaker) VALUES (8,10);
INSERT INTO Session_Speaker (id_session, id_speaker) VALUES (9,9);
INSERT INTO Session_Speaker (id_session, id_speaker) VALUES (10,12);
INSERT INTO Session_Speaker (id_session, id_speaker) VALUES (5,5);
INSERT INTO Session_Speaker (id_session, id_speaker) VALUES (21,8);
INSERT INTO Session_Speaker (id_session, id_speaker) VALUES (15,3);
INSERT INTO Session_Speaker (id_session, id_speaker) VALUES (16,4);
INSERT INTO Session_Speaker (id_session, id_speaker) VALUES (17,10);
INSERT INTO Session_Speaker (id_session, id_speaker) VALUES (18,11);
INSERT INTO Session_Speaker (id_session, id_speaker) VALUES (0,11);
INSERT INTO Session_Speaker (id_session, id_speaker) VALUES (19,11);

---Session - Categories

CREATE TABLE Session_Category (
    id_sc INTEGER PRIMARY KEY AUTOINCREMENT, 
    id_session INTEGER, 
    id_category INTEGER,
    CONSTRAINT fk_Session
        FOREIGN KEY (id_session)
        REFERENCES Session(id_session),
    CONSTRAINT fk_Category
        FOREIGN KEY (id_category)
        REFERENCES Category(id_category)
);

INSERT INTO Session_Category (id_session, id_category) VALUES (1, 13);
INSERT INTO Session_Category (id_session, id_category) VALUES (2, 8);
INSERT INTO Session_Category (id_session, id_category) VALUES (3, 1);
INSERT INTO Session_Category (id_session, id_category) VALUES (3, 11);
INSERT INTO Session_Category (id_session, id_category) VALUES (4, 1);
INSERT INTO Session_Category (id_session, id_category) VALUES (4, 10);
INSERT INTO Session_Category (id_session, id_category) VALUES (4, 14);
INSERT INTO Session_Category (id_session, id_category) VALUES (6, 2);
INSERT INTO Session_Category (id_session, id_category) VALUES (7, 15);
INSERT INTO Session_Category (id_session, id_category) VALUES (8, 1);
INSERT INTO Session_Category (id_session, id_category) VALUES (8, 16);
INSERT INTO Session_Category (id_session, id_category) VALUES (9, 4);
INSERT INTO Session_Category (id_session, id_category) VALUES (10, 17);
INSERT INTO Session_Category (id_session, id_category) VALUES (5, 12);
INSERT INTO Session_Category (id_session, id_category) VALUES (5, 10);
INSERT INTO Session_Category (id_session, id_category) VALUES (11, 18);
INSERT INTO Session_Category (id_session, id_category) VALUES (12, 19);
INSERT INTO Session_Category (id_session, id_category) VALUES (13, 18);
INSERT INTO Session_Category (id_session, id_category) VALUES (21, 7);
INSERT INTO Session_Category (id_session, id_category) VALUES (21, 1);
INSERT INTO Session_Category (id_session, id_category) VALUES (15, 10);
INSERT INTO Session_Category (id_session, id_category) VALUES (16, 4);
INSERT INTO Session_Category (id_session, id_category) VALUES (17, 1);
INSERT INTO Session_Category (id_session, id_category) VALUES (17, 7);
INSERT INTO Session_Category (id_session, id_category) VALUES (18, 3);
INSERT INTO Session_Category (id_session, id_category) VALUES (19, 2);
INSERT INTO Session_Category (id_session, id_category) VALUES (19, 20);
INSERT INTO Session_Category (id_session, id_category) VALUES (0, 3);
INSERT INTO Session_Category (id_session, id_category) VALUES (20, 18);

